2023 Zip Code Viral Suppression Data - AIDSVu,,,,,,,,,,,,,,,,,,,,,,,,,,,,,,,,
"For additional information regarding this dataset, please see the Data Methods by clicking this row or by visiting https://aidsvu.org/data-methods/data-methods-city-level/.",,,,,,,,,,,,,,,,,,,,,,,,,,,,,,,,
,,,,,,,,,,,,,,,,,,,,,,,,,,,,,,,,
Year,City,"City
Name","Zip
Code","ZIP
Code
Percent","ZIP
Code
Cases","Male
Percent","Male
Cases","Male Case
Denominator","Female
Percent","Female
Cases","Female Case
Denominator","Black
Percent","Black
Cases","Black Case
Denominator","White
Percent","White
Cases","White Case
Denominator","Hispanic
Percent","Hispanic
Cases","Hispanic
Case
Denominator","Age
13-24
Percent","Age
13-24
Cases","Age 13-24
Case
Denominator","Age
25-44
Percent","Age
25-44
Cases","Age 25-44
Case
Denominator","Age
45-59
Percent","Age
45-59
Cases","Age 45-59
Case
Denominator","Age
60+
Percent","Age
60+
Cases","Age 60+
Case
Denominator"
2023,NewYork,"New
York
City",10001,60.7,521,61.6,483,784,51.4,38,74,53.5,121,226,66.3,234,353,60.5,135,223,-1,-1,-1,66.1,150,227,59,183,310,58.8,187,318
2023,NewYork,"New
York
City",10002,63.9,530,62.1,390,628,69.3,140,202,65,139,214,64.5,107,166,63.2,239,378,-1,-1,9,60.4,102,169,65.8,185,281,64.4,239,371
2023,NewYork,"New
York
City",10003,51,351,52.7,333,632,32.1,18,56,41.8,41,98,54.3,197,363,45.7,79,173,-1,-1,8,41.7,43,103,49.8,113,227,54.6,191,350
2023,NewYork,"New
York
City",10004,48.3,14,51.9,14,27,0,0,-1,-1,-1,-1,-1,-1,9,-1,-1,-1,-1,-1,-1,-1,-1,8,-1,-1,12,-1,-1,-1
2023,NewYork,"New
York
City",10005,60.8,45,60.6,43,71,-1,-1,-1,-1,-1,-1,65.8,25,38,61.1,11,18,-1,-1,-1,60,15,25,69.7,23,33,40,6,15
2023,NewYork,"New
York
City",10006,44.1,15,50,15,30,0,0,-1,-1,-1,-1,52.6,10,19,-1,-1,-1,-8,0,0,-1,-1,9,31.3,5,16,-1,-1,-1
2023,NewYork,"New
York
City",10007,46.2,24,50,23,46,-1,-1,6,-1,-1,-1,59.3,16,27,-1,-1,8,-8,0,0,60,6,10,50,11,22,35,7,20
2023,NewYork,"New
York
City",10009,67.6,571,66.7,450,675,71.2,121,170,69.8,127,182,65.7,176,268,67.1,222,331,-1,-1,-1,63.3,100,158,70.5,184,261,67.1,283,422
2023,NewYork,"New
York
City",10010,61.5,257,62.5,243,389,48.3,14,29,58.5,48,82,61.3,122,199,62.5,70,112,-1,-1,-1,69.7,46,66,59.4,98,165,60,111,185
2023,NewYork,"New
York
City",10011,57.7,942,58.5,907,1551,42.7,35,82,54.9,118,215,59.6,578,969,52.7,187,355,-1,-1,-1,57.1,140,245,60.2,339,563,56.3,462,821
2023,NewYork,"New
York
City",10012,45.3,106,44.7,98,219,53.3,8,15,23.8,5,21,48.6,69,142,42.9,24,56,-8,0,0,45.5,20,44,35.4,29,82,52.8,57,108
2023,NewYork,"New
York
City",10013,29.6,91,28.8,84,292,46.7,7,15,10.9,10,92,47.2,51,108,16.3,13,80,-1,-1,-1,42.1,24,57,30.2,29,96,24.2,37,153
2023,NewYork,"New
York
City",10014,55.5,351,55.7,341,612,47.6,10,21,49.3,37,75,55.9,229,410,56.9,70,123,-8,0,0,73.7,56,76,49.8,100,201,54.8,195,356
2023,NewYork,"New
York
City",10016,46,349,46.8,328,701,36.2,21,58,31.6,59,187,54.2,166,306,43.1,91,211,60,6,10,45.8,71,155,45,107,238,46.3,165,356
2023,NewYork,"New
York
City",10017,54.2,96,57,90,158,31.6,6,19,40,16,40,66.3,57,86,48.6,17,35,-1,-1,-1,56.1,23,41,54.1,40,74,52.5,32,61
2023,NewYork,"New
York
City",10018,54,210,55.8,203,364,28,7,25,42.7,44,103,58.1,79,136,59,69,117,-1,-1,11,49.7,73,147,63.8,90,141,47.8,43,90
2023,NewYork,"New
York
City",10019,61.3,813,61.9,781,1261,49.2,32,65,59.7,108,181,62.8,374,596,58.5,257,439,-1,-1,8,65.2,334,512,60,256,427,57.8,219,379
2023,NewYork,"New
York
City",10020,-1,-1,-1,-1,9,0,0,-1,0,0,-1,0,0,-1,0,0,-1,-8,0,0,-1,-1,-1,0,0,6,0,0,-1
2023,NewYork,"New
York
City",10021,41.1,115,41.5,105,253,37,10,27,48.5,16,33,42.4,73,172,27.8,15,54,-1,-1,-1,54.1,20,37,37.6,35,93,40.4,59,146
2023,NewYork,"New
York
City",10022,56.6,158,59.5,153,257,22.7,5,22,36.8,14,38,65.4,102,156,47.1,32,68,-8,0,0,62.2,28,45,53.2,41,77,56.7,89,157
2023,NewYork,"New
York
City",10023,64.5,365,63.7,330,518,72.9,35,48,61.1,66,108,63.8,192,301,69.8,81,116,-8,0,0,63.8,67,105,59.9,91,152,67,207,309
2023,NewYork,"New
York
City",10024,57.8,312,57,277,486,64.8,35,54,57,49,86,60.9,167,274,52.6,81,154,-1,-1,-1,58.2,46,79,58.8,80,136,57,184,323
2023,NewYork,"New
York
City",10025,54.9,824,54.6,697,1276,56.7,127,224,49.3,238,483,60.7,270,445,53.8,262,487,40,6,15,52.6,184,350,58.8,248,422,54.1,386,713
2023,NewYork,"New
York
City",10026,59.3,536,60.4,410,679,56,126,225,58.5,311,532,63.6,68,107,58.5,134,229,58.3,7,12,59.9,154,257,64.9,200,308,53.5,175,327
2023,NewYork,"New
York
City",10027,59.1,718,59.5,550,924,57.9,168,290,57.7,395,684,68.9,115,167,56.4,172,305,63.2,12,19,57.9,197,340,62.8,258,411,56.5,251,444
2023,NewYork,"New
York
City",10028,61.6,130,63.8,120,188,43.5,10,23,46.2,18,39,69.5,73,105,55.4,31,56,-8,0,0,73.5,36,49,56.3,36,64,59.2,58,98
2023,NewYork,"New
York
City",10029,61.5,943,59.8,648,1084,65.6,295,450,58.9,345,586,68.3,125,183,60.6,425,701,52.9,9,17,63.6,255,401,62.9,312,496,59.2,367,620
2023,NewYork,"New
York
City",10030,59.2,442,61.6,334,542,52.7,108,205,56.9,267,469,68.6,48,70,59.8,104,174,-1,-1,6,61,150,246,64.2,167,260,51.9,122,235
2023,NewYork,"New
York
City",10031,60.7,624,62.1,529,852,54,95,176,56.9,250,439,69.3,113,163,58.3,221,379,-1,-1,10,65.4,225,344,62.5,203,325,55,192,349
2023,NewYork,"New
York
City",10032,56,640,56,534,954,56.1,106,189,51.8,199,384,53.8,93,173,58.5,316,540,38.5,5,13,56,211,377,59,210,356,53.9,214,397
2023,NewYork,"New
York
City",10033,66.8,462,67.7,402,594,61.2,60,98,57.4,62,108,73.5,114,155,66.3,262,395,55.6,5,9,68.7,149,217,65.3,154,236,67,154,230
2023,NewYork,"New
York
City",10034,69.6,423,69.3,348,502,70.8,75,106,65.1,95,146,69.1,94,136,73.3,222,303,-1,-1,5,68.5,139,203,70.4,145,206,69.6,135,194
2023,NewYork,"New
York
City",10035,56.1,590,55.1,441,800,59.1,149,252,53.9,283,525,59.6,68,114,56.6,214,378,50,5,10,60.4,194,321,53,176,332,55.3,215,389
2023,NewYork,"New
York
City",10036,66.7,794,68,760,1118,47.2,34,72,60.2,130,216,70.1,363,518,66.2,235,355,-1,-1,5,64.3,238,370,68.5,302,441,67.6,253,374
2023,NewYork,"New
York
City",10037,64.6,454,64.9,370,570,63.2,84,133,63,273,433,63.1,53,84,67.5,104,154,66.7,6,9,65,160,246,64.4,143,222,64.2,145,226
2023,NewYork,"New
York
City",10038,62.9,112,66.2,88,133,53.3,24,45,63,34,54,64.2,34,53,58.9,33,56,-1,-1,-1,63,29,46,64.3,45,70,60,36,60
2023,NewYork,"New
York
City",10039,66.3,454,68.6,335,488,60.4,119,197,63.7,281,441,70.7,41,58,70.3,111,158,46.2,6,13,68.5,165,241,63,148,235,68.9,135,196
2023,NewYork,"New
York
City",10040,68.1,397,69.1,346,501,62.2,51,82,72.2,91,126,71.4,85,119,65.3,209,320,-1,-1,5,70,142,203,67.5,133,197,66.9,119,178
2023,NewYork,"New
York
City",10044,61.1,77,59.8,61,102,66.7,16,24,64.3,36,56,69.6,16,23,61.8,21,34,0,0,-1,76.5,26,34,48.6,17,35,60.7,34,56
2023,NewYork,"New
York
City",10065,69.2,135,69.2,119,172,69.6,16,23,-1,-1,-1,71.9,69,96,73.2,41,56,-8,0,0,63,34,54,64.7,33,51,75.6,68,90
2023,NewYork,"New
York
City",10069,72.7,24,74.1,20,27,-1,-1,6,-1,-1,-1,81.8,9,11,-1,-1,-1,-8,0,0,70,7,10,62.5,5,8,80,12,15
2023,NewYork,"New
York
City",10075,64.3,74,64.8,70,108,-1,-1,7,-1,-1,-1,79.3,46,58,50,10,20,0,0,-1,41,16,39,66.7,22,33,85.7,36,42
2023,NewYork,"New
York
City",10128,69.7,237,70.2,203,289,66.7,34,51,64.7,44,68,73,103,141,75,78,104,0,0,-1,59,46,78,72.6,85,117,73.6,106,144
2023,NewYork,"New
York
City",10162,-1,-1,-1,-1,-1,-8,0,0,-1,-1,-1,-1,-1,-1,-1,-1,-1,-1,-1,-1,-8,0,0,-1,-1,-1,-1,-1,-1
2023,NewYork,"New
York
City",10165,-1,-1,-1,-1,-1,-1,-1,-1,-1,-1,-1,-1,-1,-1,-1,-1,-1,-1,-1,-1,-1,-1,-1,-1,-1,-1,-1,-1,-1
2023,NewYork,"New
York
City",10170,-1,-1,-1,-1,-1,-1,-1,-1,-1,-1,-1,-1,-1,-1,-1,-1,-1,-1,-1,-1,-1,-1,-1,-1,-1,-1,-1,-1,-1
2023,NewYork,"New
York
City",10171,-1,-1,-1,-1,-1,-1,-1,-1,-1,-1,-1,-8,0,0,-1,-1,-1,-8,0,0,-1,-1,-1,-1,-1,-1,-1,-1,-1
2023,NewYork,"New
York
City",10280,43.6,17,44.4,16,36,-1,-1,-1,-1,-1,-1,36.4,8,22,61.5,8,13,-8,0,0,-1,-1,6,38.1,8,21,50,6,12
2023,NewYork,"New
York
City",10282,65,13,58.8,10,17,-1,-1,-1,-1,-1,-1,-1,-1,-1,-1,-1,-1,-1,-1,-1,-1,-1,-1,55.6,5,9,85.7,6,7
2023,NewYork,"New
York
City",10301,65.6,269,64.1,186,290,69.2,83,120,64.3,119,185,63.8,51,80,65.9,83,126,-1,-1,-1,57.4,58,101,70.9,95,134,66.7,114,171
2023,NewYork,"New
York
City",10302,66,103,68.4,65,95,62.3,38,61,67.6,46,68,67.9,19,28,64.8,35,54,-1,-1,-1,61,25,41,63,34,54,73.7,42,57
2023,NewYork,"New
York
City",10303,64.6,124,62.8,71,113,67.1,53,79,72,77,107,69.2,9,13,46.9,30,64,-1,-1,-1,58.1,36,62,72.1,44,61,64.6,42,65
2023,NewYork,"New
York
City",10304,67.5,313,70.4,219,311,61.4,94,153,64.6,164,254,73.6,53,72,71.6,83,116,-1,-1,-1,69.4,93,134,65.8,104,158,68,115,169
2023,NewYork,"New
York
City",10305,68.4,104,68.4,65,95,68.4,39,57,70.4,19,27,62.3,33,53,73,46,63,-1,-1,-1,47.4,18,38,82.1,46,56,67.9,38,56
2023,NewYork,"New
York
City",10306,71.3,114,71,76,107,71.7,38,53,74.2,23,31,63.4,45,71,82.4,42,51,-1,-1,-1,74.3,26,35,68.6,35,51,71.4,50,70
2023,NewYork,"New
York
City",10307,83.3,25,90,18,20,70,7,10,-1,-1,-1,87,20,23,-1,-1,6,-8,0,0,77.8,7,9,75,6,8,92.3,12,13
2023,NewYork,"New
York
City",10308,72.2,26,73.9,17,23,69.2,9,13,-1,-1,-1,66.7,16,24,77.8,7,9,-8,0,0,100,7,7,64.7,11,17,66.7,8,12
2023,NewYork,"New
York
City",10309,39.4,28,24.5,12,49,72.7,16,22,-1,-1,-1,56.5,13,23,35.5,11,31,-1,-1,-1,-1,-1,9,45.8,11,24,32.4,12,37
2023,NewYork,"New
York
City",10310,62.9,95,66.7,64,96,56.4,31,55,69.6,48,69,47.8,11,23,63.5,33,52,-1,-1,-1,59,23,39,66.7,34,51,62.1,36,58
2023,NewYork,"New
York
City",10312,73.5,72,75,48,64,70.6,24,34,-1,-1,-1,79.6,43,54,79.2,19,24,-1,-1,-1,70.8,17,24,63.2,24,38,84.8,28,33
2023,NewYork,"New
York
City",10314,73.4,146,69.2,99,143,83.9,47,56,69.2,36,52,80.8,59,73,75.4,43,57,-1,-1,-1,64.7,33,51,69.4,50,72,83.8,62,74
2023,NewYork,"New
York
City",10451,68.3,848,67.7,584,863,69.7,264,379,70.2,426,607,81,51,63,63.6,336,528,70,14,20,71,316,445,69.9,265,379,63.6,253,398
2023,NewYork,"New
York
City",10452,62.3,1323,62.7,914,1457,61.2,409,668,59.1,565,956,68.9,42,61,64.3,680,1057,73.9,17,23,62.1,346,557,63,484,768,61.3,476,777
2023,NewYork,"New
York
City",10453,62.3,1265,61.4,832,1354,64,433,677,59.9,575,960,61,36,59,64.9,626,965,56.4,22,39,59.9,383,639,63.7,435,683,63.4,425,670
2023,NewYork,"New
York
City",10454,61.4,540,60.3,351,582,63.6,189,297,60.9,209,343,55,22,40,61.9,292,472,53.3,8,15,58.2,152,261,66.1,193,292,60.1,187,311
2023,NewYork,"New
York
City",10455,61.8,664,57.9,405,700,69.3,259,374,59.3,271,457,71.9,23,32,63.3,355,561,64.3,9,14,61.8,218,353,65.2,230,353,58.5,207,354
2023,NewYork,"New
York
City",10456,59.4,1512,58.5,969,1655,60.9,543,892,59.1,799,1352,54.3,44,81,60.2,642,1067,57.1,20,35,60.7,432,712,60.4,538,890,57.4,522,910
2023,NewYork,"New
York
City",10457,62.4,1447,62.5,963,1542,62.3,484,777,59.7,617,1034,55,33,60,64.9,770,1186,72,18,25,63.1,442,701,62.2,479,770,61.7,508,823
2023,NewYork,"New
York
City",10458,63.5,1115,63.8,781,1225,63,334,530,61.5,434,706,60.9,42,69,65.1,608,934,59.4,19,32,70.2,400,570,63.2,369,584,57.5,327,569
2023,NewYork,"New
York
City",10459,60.4,804,58.5,526,899,64.4,278,432,58.1,367,632,55.3,21,38,62.9,395,628,70,14,20,61.2,274,448,60,262,437,59.6,254,426
2023,NewYork,"New
York
City",10460,64.1,1012,63.1,659,1044,66.1,353,534,62.7,471,751,53.8,28,52,65.8,484,736,80,20,25,65,356,548,64.4,344,534,62,292,471
2023,NewYork,"New
York
City",10461,73.7,387,74.5,271,364,72,116,161,66.5,105,158,78.1,50,64,76.7,221,288,-1,-1,-1,69.1,105,152,71.5,133,186,79.8,146,183
2023,NewYork,"New
York
City",10462,69.9,846,69.8,555,795,70.1,291,415,69.2,371,536,62.7,42,67,71.3,402,564,61.5,8,13,69.2,220,318,71,303,427,69.7,315,452
2023,NewYork,"New
York
City",10463,68.2,481,66,326,494,73.5,155,211,63.6,166,261,65.9,56,85,71.5,238,333,70,7,10,65.4,149,228,76.4,155,203,64.4,170,264
2023,NewYork,"New
York
City",10464,75.6,31,78.6,22,28,69.2,9,13,-1,-1,-1,70,7,10,81.8,9,11,-1,-1,-1,85.7,6,7,100,12,12,60,12,20
2023,NewYork,"New
York
City",10465,63.9,177,62.8,103,164,65.5,74,113,52.3,45,86,81.8,27,33,67.5,102,151,0,0,-1,61,47,77,58.9,56,95,71.2,74,104
2023,NewYork,"New
York
City",10466,67.2,736,67.2,439,653,67,297,443,66.2,466,704,52.2,12,23,70.3,242,344,66.7,12,18,66.2,253,382,68.1,267,392,67.1,204,304
2023,NewYork,"New
York
City",10467,70.1,1659,69.1,1104,1598,72.2,555,769,67.3,766,1139,68.7,68,99,73.6,793,1077,71,22,31,64.8,501,773,72.1,595,825,73.3,541,738
2023,NewYork,"New
York
City",10468,63,926,63.1,670,1061,62.7,256,408,61.9,365,590,59.4,38,64,64.7,506,782,90.5,19,21,67.1,325,484,60.3,305,506,60.5,277,458
2023,NewYork,"New
York
City",10469,69.9,569,68.9,330,479,71.3,239,335,66.2,339,512,62.5,15,24,76.8,202,263,69.2,9,13,68.7,160,233,67.8,183,270,72.8,217,298
2023,NewYork,"New
York
City",10470,71.6,154,69.9,107,153,75.8,47,62,69.2,74,107,61.1,11,18,78.5,62,79,-1,-1,5,67.7,42,62,72.5,58,80,75,51,68
2023,NewYork,"New
York
City",10471,72.9,94,73.3,66,90,71.8,28,39,68.2,30,44,61.5,16,26,85.2,46,54,-1,-1,-1,58.6,17,29,80.4,41,51,72.3,34,47
2023,NewYork,"New
York
City",10472,58.4,655,56.2,407,724,62.5,248,397,52.9,244,461,51.7,15,29,62.5,376,602,-1,-1,12,56.7,181,319,64.6,237,367,55.1,233,423
2023,NewYork,"New
York
City",10473,70.9,515,69.9,279,399,72.2,236,327,67.2,209,311,-1,-1,10,74.8,297,397,70.6,12,17,66,124,188,70.9,168,237,74.3,211,284
2023,NewYork,"New
York
City",10474,54.5,180,52.3,115,220,59.1,65,110,55.8,86,154,-1,-1,-1,55.6,90,162,-1,-1,7,49.6,59,119,52.3,57,109,64.2,61,95
2023,NewYork,"New
York
City",10475,71.3,285,69,160,232,74.4,125,168,72.1,191,265,70.6,12,17,69.7,76,109,-1,-1,-1,70.7,53,75,71.4,95,133,72.3,136,188
2023,NewYork,"New
York
City",11004,53.8,14,58.8,10,17,-1,-1,9,-1,-1,5,-1,-1,5,71.4,5,7,-8,0,0,-1,-1,5,-1,-1,8,53.8,7,13
2023,NewYork,"New
York
City",11005,-1,-1,-1,-1,-1,-8,0,0,-1,-1,-1,-1,-1,-1,-1,-1,-1,-1,-1,-1,-1,-1,-1,-1,-1,-1,-1,-1,-1
2023,NewYork,"New
York
City",11101,61.6,352,61.6,295,479,62,57,92,52.4,88,168,66.4,79,119,62.3,142,228,-1,-1,6,67.3,140,208,64.8,114,176,52.5,95,181
2023,NewYork,"New
York
City",11102,65,217,64.2,190,296,71.1,27,38,62.7,37,59,69.2,63,91,63.2,98,155,-1,-1,-1,70.6,96,136,63.9,76,119,57.9,44,76
2023,NewYork,"New
York
City",11103,62.5,210,63.5,200,315,47.6,10,21,68.4,13,19,64.6,73,113,59.7,105,176,-1,-1,-1,67.6,100,148,61.5,75,122,52.4,33,63
2023,NewYork,"New
York
City",11104,62,176,63.7,167,262,40.9,9,22,-1,-1,-1,63.6,63,99,61.2,82,134,-1,-1,-1,62.9,56,89,66.1,74,112,53.2,42,79
2023,NewYork,"New
York
City",11105,61.6,138,61.7,121,196,60.7,17,28,69,20,29,62.4,53,85,59.2,58,98,-1,-1,-1,68.7,68,99,54.8,40,73,56,28,50
2023,NewYork,"New
York
City",11106,65.8,269,65,221,340,69.6,48,69,51.6,32,62,74.6,88,118,62.6,122,195,-1,-1,-1,71.9,105,146,67.9,95,140,56.7,68,120
2023,NewYork,"New
York
City",11109,66.7,20,64.3,18,28,-1,-1,-1,-1,-1,-1,64.7,11,17,88.9,8,9,-1,-1,-1,53.8,7,13,75,9,12,-1,-1,5
2023,NewYork,"New
York
City",11201,65.8,459,67.5,384,569,58.1,75,129,59.9,164,274,74.8,163,218,66.5,107,161,-1,-1,-1,73.8,135,183,63.2,146,231,63,177,281
2023,NewYork,"New
York
City",11203,61.2,756,59,464,787,65,292,449,61.1,617,1009,60,18,30,61.6,101,164,70,14,20,64,252,394,59.3,219,369,59.8,271,453
2023,NewYork,"New
York
City",11204,68.8,132,70.6,101,143,63.3,31,49,87.5,21,24,59.7,37,62,70.5,55,78,-8,0,0,77.6,59,76,73.1,49,67,49,24,49
2023,NewYork,"New
York
City",11205,57.6,253,57.7,187,324,57.4,66,115,62,142,229,62.7,47,75,45.6,52,114,-1,-1,6,57,81,142,60.8,79,130,55.9,90,161
2023,NewYork,"New
York
City",11206,58.1,565,55.7,372,668,63.3,193,305,55.8,235,421,63.5,61,96,58.2,241,414,60,12,20,62.9,175,278,57,166,291,55.2,212,384
2023,NewYork,"New
York
City",11207,64.6,1119,63.8,676,1059,65.7,443,674,64.6,724,1120,61.8,34,55,64.4,322,500,66.7,26,39,63.5,396,624,67.3,372,553,62.9,325,517
2023,NewYork,"New
York
City",11208,67.7,1060,68.6,685,999,66.3,375,566,67,596,889,55,22,40,70.1,410,585,65.2,15,23,66.1,360,545,69.4,366,527,67.9,319,470
2023,NewYork,"New
York
City",11209,67.2,199,67.8,164,242,64.8,35,54,52.9,18,34,70,84,120,66.9,83,124,-1,-1,5,79.5,58,73,67.3,66,98,59.2,71,120
2023,NewYork,"New
York
City",11210,67.1,527,67.5,362,536,66.3,165,249,66.7,400,600,65.3,32,49,71,76,107,76.9,10,13,64.2,172,268,71.3,184,258,65.4,161,246
2023,NewYork,"New
York
City",11211,58.3,270,59.2,223,377,54.7,47,86,49.4,41,83,59.6,65,109,60.1,149,248,-1,-1,-1,65.6,105,160,56,79,141,53.2,84,158
2023,NewYork,"New
York
City",11212,64.9,1435,64.6,892,1380,65.4,543,830,64.2,1069,1664,65.9,29,44,67.4,294,436,78.9,30,38,65.3,462,707,67,474,707,61.9,469,758
2023,NewYork,"New
York
City",11213,67,882,66.9,595,890,67.2,287,427,66.3,629,949,65.3,32,49,68,187,275,85.7,18,21,69.2,301,435,66,266,403,64.8,297,458
2023,NewYork,"New
York
City",11214,64.8,149,67.5,114,169,57.4,35,61,56.7,17,30,64.4,65,101,59,36,61,71.4,5,7,74.6,53,71,67.1,51,76,52.6,40,76
2023,NewYork,"New
York
City",11215,51.6,178,56.3,143,254,38.5,35,91,44.2,38,86,54.2,71,131,53.7,58,108,0,0,-1,58.9,43,73,55.7,59,106,46.3,76,164
2023,NewYork,"New
York
City",11216,56.9,595,56.7,449,792,57.5,146,254,54.6,406,744,67.7,65,96,61.4,102,166,43.8,7,16,60.3,190,315,55.5,208,375,55.9,190,340
2023,NewYork,"New
York
City",11217,53.7,241,52.8,200,379,58.6,41,70,52,102,196,48.5,50,103,59,72,122,0,0,-1,57.9,70,121,53,71,134,52.4,100,191
2023,NewYork,"New
York
City",11218,58,185,59.8,150,251,51.5,35,68,56.3,58,103,57.5,46,80,61.1,66,108,-1,-1,-1,66.7,54,81,49.5,53,107,60.2,77,128
2023,NewYork,"New
York
City",11219,64.4,123,63.6,96,151,67.5,27,40,47.4,9,19,62.5,25,40,67.3,72,107,-1,-1,-1,64.4,38,59,68.6,48,70,59.3,35,59
2023,NewYork,"New
York
City",11220,57.1,265,57.2,195,341,56.9,70,123,58.8,30,51,51.5,34,66,58.3,161,276,-1,-1,5,67.9,93,137,50.3,72,143,53.6,96,179
2023,NewYork,"New
York
City",11221,60.7,882,60.4,649,1075,61.6,233,378,58.1,473,814,62,75,121,64.9,290,447,59.1,13,22,60.8,334,549,63.3,255,403,58.5,280,479
2023,NewYork,"New
York
City",11222,61,153,61.3,122,199,59.6,31,52,51.5,17,33,66.1,74,112,57.6,53,92,-8,0,0,63.3,62,98,64,57,89,53.1,34,64
2023,NewYork,"New
York
City",11223,64.8,195,65.7,140,213,62.5,55,88,57.9,55,95,72.3,47,65,70.3,78,111,83.3,5,6,69.3,70,101,66,66,100,57.4,54,94
2023,NewYork,"New
York
City",11224,65,269,62.2,140,225,68.3,129,189,65.7,136,207,50.9,27,53,68.4,91,133,-1,-1,6,60.2,59,98,65.6,101,154,67.3,105,156
2023,NewYork,"New
York
City",11225,65.6,668,65.4,468,716,66,200,303,62.8,440,701,66.7,60,90,73.3,137,187,69.2,9,13,69,218,316,65.5,220,336,62.4,221,354
2023,NewYork,"New
York
City",11226,60.2,1302,59.6,852,1429,61.2,450,735,57.8,927,1605,69.4,86,124,67.2,234,348,66.7,20,30,62.4,396,635,62.3,446,716,56.2,440,783
2023,NewYork,"New
York
City",11228,65.3,79,67.4,60,89,59.4,19,32,-1,-1,-1,58.7,27,46,70,28,40,-1,-1,-1,80,28,35,61.5,24,39,56.8,25,44
2023,NewYork,"New
York
City",11229,65.6,145,69.4,109,157,56.3,36,64,64.3,36,56,68.3,69,101,60.8,31,51,-1,-1,-1,65.8,48,73,66.2,47,71,65.3,49,75
2023,NewYork,"New
York
City",11230,64.3,240,66.1,179,271,59.8,61,102,61.4,86,140,68.2,73,107,65.7,65,99,-1,-1,5,67.7,90,133,67.5,85,126,56,61,109
2023,NewYork,"New
York
City",11231,54.7,145,54.1,92,170,55.8,53,95,55.8,53,95,51.6,33,64,55.3,52,94,-1,-1,-1,55.2,37,67,59,46,78,51.7,61,118
2023,NewYork,"New
York
City",11232,40.4,97,43.5,83,191,28.6,14,49,30.4,17,56,38.6,17,44,45.5,56,123,-1,-1,-1,48.3,28,58,44.3,47,106,28.4,21,74
2023,NewYork,"New
York
City",11233,64.6,940,65.8,663,1008,61.8,277,448,63.2,664,1051,62,49,79,69.9,190,272,60.6,20,33,66.3,371,560,66.2,280,423,61.1,269,440
2023,NewYork,"New
York
City",11234,66,326,66.7,182,273,65.2,144,221,66.9,242,362,56.8,25,44,64.7,44,68,85.7,6,7,62,80,129,64.4,103,160,69.2,137,198
2023,NewYork,"New
York
City",11235,59.9,181,60.7,128,211,58.2,53,91,42.1,24,57,69.4,109,157,52.9,37,70,-1,-1,-1,63.1,77,122,56,51,91,58.8,50,85
2023,NewYork,"New
York
City",11236,66.4,627,66.9,331,495,65.9,296,449,66.7,525,787,53.6,15,28,65.3,66,101,70.6,12,17,62.3,154,247,67.4,229,340,68.2,232,340
2023,NewYork,"New
York
City",11237,57.6,283,63.4,239,377,38.6,44,114,53.6,45,84,70.3,52,74,55.7,175,314,54.5,6,11,65,119,183,59.5,91,153,46.5,67,144
2023,NewYork,"New
York
City",11238,60.7,475,61.4,362,590,58.5,113,193,59.8,287,480,61.9,78,126,62.1,87,140,71.4,5,7,68.1,143,210,54.6,142,260,60.5,185,306
2023,NewYork,"New
York
City",11239,73.8,155,72.1,80,111,75.8,75,99,74.4,116,156,-1,-1,5,71.7,33,46,-1,-1,5,66.7,32,48,80,52,65,73.9,68,92
2023,NewYork,"New
York
City",11351,0,0,0,0,-1,-8,0,0,-8,0,0,-8,0,0,0,0,-1,-8,0,0,-8,0,0,0,0,-1,-8,0,0
2023,NewYork,"New
York
City",11354,67.1,141,67.9,110,162,64.6,31,48,72.1,31,43,75,15,20,61.6,53,86,-1,-1,-1,68.5,50,73,65.3,47,72,67.7,42,62
2023,NewYork,"New
York
City",11355,59.5,181,60,150,250,57.4,31,54,63.8,30,47,61.5,16,26,54.9,67,122,-1,-1,-1,64.2,68,106,54.2,52,96,59.4,60,101
2023,NewYork,"New
York
City",11356,56,51,56.6,43,76,53.3,8,15,-1,-1,-1,75,6,8,56.9,37,65,-1,-1,-1,53.7,22,41,64,16,25,50,11,22
2023,NewYork,"New
York
City",11357,72.5,58,72.6,45,62,72.2,13,18,-1,-1,-1,67.9,19,28,73.1,19,26,-1,-1,-1,66.7,14,21,76,19,25,71.9,23,32
2023,NewYork,"New
York
City",11358,63.2,55,64.3,45,70,58.8,10,17,-1,-1,-1,65.2,15,23,57.9,22,38,-1,-1,-1,68,17,25,57.1,16,28,63.6,21,33
2023,NewYork,"New
York
City",11359,-1,-1,-1,-1,-1,-8,0,0,-8,0,0,-1,-1,-1,-8,0,0,-8,0,0,-8,0,0,-1,-1,-1,-8,0,0
2023,NewYork,"New
York
City",11360,64.1,25,62.5,20,32,71.4,5,7,-1,-1,-1,68.2,15,22,-1,-1,7,-8,0,0,-1,-1,8,84.6,11,13,55.6,10,18
2023,NewYork,"New
York
City",11361,68.3,28,66.7,22,33,75,6,8,-1,-1,5,56.3,9,16,80,12,15,-8,0,0,83.3,10,12,76.9,10,13,50,8,16
2023,NewYork,"New
York
City",11362,82.6,19,83.3,15,18,-1,-1,5,-1,-1,-1,86.7,13,15,71.4,5,7,-8,0,0,85.7,6,7,71.4,5,7,88.9,8,9
2023,NewYork,"New
York
City",11363,-1,-1,-1,-1,9,0,0,-1,-1,-1,-1,-1,-1,5,-1,-1,-1,-8,0,0,-1,-1,-1,0,0,-1,-1,-1,6
2023,NewYork,"New
York
City",11364,71.2,42,72.7,32,44,66.7,10,15,64.3,9,14,71.4,15,21,64.7,11,17,-8,0,0,71.4,15,21,75,15,20,66.7,12,18
2023,NewYork,"New
York
City",11365,66.1,78,64.4,47,73,68.9,31,45,68.6,35,51,72.2,13,18,61.8,21,34,0,0,-1,73,27,37,62.9,22,35,64.4,29,45
2023,NewYork,"New
York
City",11366,45.5,15,43.5,10,23,50,5,10,35.7,5,14,0,0,-1,58.3,7,12,-8,0,0,-1,-1,10,56.3,9,16,-1,-1,7
2023,NewYork,"New
York
City",11367,60,75,53.2,42,79,71.7,33,46,63.8,30,47,54.5,12,22,57.4,27,47,-1,-1,-1,62.5,20,32,57.5,23,40,58.8,30,51
2023,NewYork,"New
York
City",11368,61,517,62.2,418,672,56.6,99,175,63.3,105,166,56.8,21,37,59.9,365,609,56,14,25,64,199,311,61.2,183,299,57.1,121,212
2023,NewYork,"New
York
City",11369,58.7,185,65,152,234,40.7,33,81,44,33,75,72.2,13,18,62,129,208,-1,-1,5,63.4,64,101,61.8,68,110,51.5,51,99
2023,NewYork,"New
York
City",11370,24.9,368,27.2,326,1198,15,42,280,21.2,154,727,27.9,29,104,25.8,156,604,61.1,11,18,42.9,178,415,22.6,120,531,11.5,59,514
2023,NewYork,"New
York
City",11372,65.7,659,66.3,624,941,56.5,35,62,66.7,46,69,69.2,83,120,64.7,488,754,-1,-1,7,66.8,195,292,67.5,266,394,62.6,194,310
2023,NewYork,"New
York
City",11373,59.4,469,60.1,422,702,54,47,87,39.5,17,43,58,29,50,58.5,318,544,54.5,6,11,66,177,268,61.9,164,265,49.8,122,245
2023,NewYork,"New
York
City",11374,68.6,199,70.1,176,251,59,23,39,67.4,31,46,63.1,41,65,68.8,99,144,-1,-1,5,77,67,87,62.9,61,97,66.3,67,101
2023,NewYork,"New
York
City",11375,71.8,229,73.6,198,269,62,31,50,71.9,41,57,72.3,73,101,70.7,94,133,-8,0,0,72.3,60,83,73.4,80,109,70.1,89,127
2023,NewYork,"New
York
City",11377,68.6,467,67.6,404,598,75.9,63,83,71.6,58,81,72.5,66,91,67,276,412,60,6,10,73.4,182,248,69.7,159,228,61.5,120,195
2023,NewYork,"New
York
City",11378,68.4,106,65.6,84,128,81.5,22,27,-1,-1,-1,64.3,27,42,71.7,66,92,-1,-1,-1,70.7,41,58,77.3,34,44,58.8,30,51
2023,NewYork,"New
York
City",11379,71.6,96,71.8,79,110,70.8,17,24,-1,-1,-1,72.5,37,51,70.7,41,58,-8,0,0,71.4,25,35,72.5,37,51,70.8,34,48
2023,NewYork,"New
York
City",11385,69.7,381,71.6,293,409,63.8,88,138,56.8,42,74,68.9,71,103,72.6,249,343,77.8,7,9,70.5,165,234,71.9,115,160,65.3,94,144
2023,NewYork,"New
York
City",11411,58.9,89,62.7,52,83,54.4,37,68,61.7,74,120,-1,-1,-1,35.7,5,14,-8,0,0,53.3,16,30,63.5,40,63,56.9,33,58
2023,NewYork,"New
York
City",11412,62.5,237,63.1,147,233,61.6,90,146,60.5,193,319,-1,-1,-1,75.7,28,37,87.5,7,8,63.3,69,109,64.2,77,120,59.2,84,142
2023,NewYork,"New
York
City",11413,66.4,237,61.9,122,197,71.9,115,160,66.1,203,307,-1,-1,6,71.9,23,32,85.7,6,7,59.8,61,102,72.6,98,135,63.7,72,113
2023,NewYork,"New
York
City",11414,67.6,73,62.8,49,78,80,24,30,60.9,14,23,51.5,17,33,81.6,40,49,-8,0,0,64.3,18,28,70.3,26,37,67.4,29,43
2023,NewYork,"New
York
City",11415,70.9,168,68.6,144,210,88.9,24,27,73,27,37,67.6,46,68,71.2,79,111,-1,-1,-1,69.1,47,68,75,69,92,67.1,51,76
2023,NewYork,"New
York
City",11416,71.5,138,72.2,96,133,70,42,60,73.7,28,38,78.6,11,14,73.6,89,121,-1,-1,-1,73.9,51,69,75,57,76,63,29,46
2023,NewYork,"New
York
City",11417,74.9,134,73.9,88,119,76.7,46,60,70.4,19,27,82.8,24,29,72,72,100,-1,-1,-1,81.1,43,53,75,42,56,70.6,48,68
2023,NewYork,"New
York
City",11418,70.6,197,71.1,155,218,68.9,42,61,59.6,34,57,62.5,20,32,71.9,110,153,-1,-1,-1,73.3,77,105,71.6,68,95,66.2,51,77
2023,NewYork,"New
York
City",11419,66.5,163,64,103,161,71.4,60,84,70.1,54,77,-1,-1,11,62.7,47,75,-1,-1,-1,59.8,52,87,70.9,61,86,70.6,48,68
2023,NewYork,"New
York
City",11420,60.5,155,60.5,107,177,60.8,48,79,52.9,63,119,-1,-1,5,65.7,46,70,-1,-1,-1,58.5,48,82,73.9,65,88,47,39,83
2023,NewYork,"New
York
City",11421,71.3,244,73.1,196,268,64.9,48,74,77.2,44,57,45,9,20,70.8,170,240,-1,-1,-1,68.8,77,112,78.4,91,116,67.3,74,110
2023,NewYork,"New
York
City",11422,67.3,140,67.8,78,115,66.7,62,93,65.9,116,176,83.3,5,6,72.2,13,18,-1,-1,-1,73.6,39,53,69.3,52,75,61,47,77
2023,NewYork,"New
York
City",11423,63.4,192,64.9,113,174,61.2,79,129,60.4,119,197,60,6,10,67.6,46,68,-1,-1,-1,61.2,41,67,64.5,69,107,63.5,80,126
2023,NewYork,"New
York
City",11426,64.5,20,61.9,13,21,70,7,10,62.5,5,8,85.7,6,7,-1,-1,7,-8,0,0,75,6,8,70,7,10,53.8,7,13
2023,NewYork,"New
York
City",11427,65.8,73,64.2,43,67,68.2,30,44,65,39,60,58.3,7,12,65.4,17,26,0,0,-1,61.9,13,21,61.8,21,34,70.9,39,55
2023,NewYork,"New
York
City",11428,61.4,54,61.1,33,54,61.8,21,34,66.7,32,48,-1,-1,-1,51.9,14,27,-8,0,0,60,12,20,56.7,17,30,65.8,25,38
2023,NewYork,"New
York
City",11429,63.6,136,62.6,82,131,65.1,54,83,61.3,103,168,-1,-1,-1,71.4,20,28,-1,-1,-1,70.4,38,54,66.7,44,66,56.7,51,90
2023,NewYork,"New
York
City",11430,-1,-1,-1,-1,-1,-1,-1,-1,-1,-1,-1,-1,-1,-1,-1,-1,-1,-1,-1,-1,-1,-1,-1,-1,-1,-1,-1,-1,-1
2023,NewYork,"New
York
City",11432,56.1,372,55.2,279,505,58.9,93,158,57.7,180,312,50,26,52,54.8,138,252,56.3,9,16,55.5,122,220,58.5,110,188,54.8,131,239
2023,NewYork,"New
York
City",11433,66.8,237,67.2,135,201,66.2,102,154,66.8,183,274,-1,-1,-1,61.3,38,62,-1,-1,5,64.3,72,112,68.8,66,96,67.6,96,142
2023,NewYork,"New
York
City",11434,63.8,399,62.8,231,368,65.4,168,257,64.2,342,533,50,5,10,60.7,37,61,41.7,5,12,61,100,164,63.8,127,199,66.8,167,250
2023,NewYork,"New
York
City",11435,62.4,277,62.8,206,328,61.2,71,116,59.8,122,204,61.9,26,42,65.2,105,161,83.3,5,6,64.1,98,153,60.9,81,133,61.2,93,152
2023,NewYork,"New
York
City",11436,63,102,66,62,94,58.8,40,68,60.6,66,109,-1,-1,-1,60,15,25,-1,-1,5,55.3,26,47,66.1,41,62,66.7,32,48
2023,NewYork,"New
York
City",11691,64.2,446,62.8,263,419,66.3,183,276,65.3,305,467,56.7,17,30,62.3,104,167,-1,-1,7,58.7,115,196,67.1,157,234,65.9,170,258
2023,NewYork,"New
York
City",11692,73.5,169,71.5,98,137,76.3,71,93,76.6,121,158,-1,-1,11,70.7,41,58,-1,-1,6,67.9,36,53,66.7,52,78,82.8,77,93
2023,NewYork,"New
York
City",11693,53.9,41,51.2,21,41,57.1,20,35,52.8,19,36,-1,-1,10,65.5,19,29,0,0,-1,45,9,20,70.8,17,24,48.4,15,31
2023,NewYork,"New
York
City",11694,69.5,89,69,60,87,70.7,29,41,72.1,31,43,80,28,35,59.5,25,42,-1,-1,-1,63.9,23,36,69.6,32,46,73.3,33,45
2023,NewYork,"New
York
City",11697,-1,-1,-1,-1,-1,-1,-1,-1,-1,-1,-1,-1,-1,-1,-1,-1,-1,-8,0,0,-1,-1,-1,-1,-1,-1,-1,-1,-1